{
  "project_info": {
    "project_number": "970704023762",
    "firebase_url": "https://sjapplock.firebaseio.com",
    "project_id": "sjapplock",
    "storage_bucket": "sjapplock.appspot.com"
  },
  "client": [
    {
      "client_info": {
        "mobilesdk_app_id": "1:970704023762:android:5fd20f6642c4b1e3",
        "android_client_info": {
          "package_name": "cn.studyjams.s2.sj0194.applock"
        }
      },
      "oauth_client": [
        {
          "client_id": "970704023762-5mv8516ro8f35p5f9rk7a5bkvjr7vusd.apps.googleusercontent.com",
          "client_type": 1,
          "android_info": {
            "package_name": "cn.studyjams.s2.sj0194.applock",
            "certificate_hash": "c78a33a251d1a6c2c808f519803f1dca615f5e11"
          }
        },
        {
          "client_id": "970704023762-03dqtbk3n98i8kltf0mpb901lspi7vd3.apps.googleusercontent.com",
          "client_type": 3
        }
      ],
      "api_key": [
        {
          "current_key": "AIzaSyBJYV3Up2JONfDkU62Ce6jRKGlWBJfrKX0"
        }
      ],
      "services": {
        "analytics_service": {
          "status": 1
        },
        "appinvite_service": {
          "status": 2,
          "other_platform_oauth_client": [
            {
              "client_id": "970704023762-03dqtbk3n98i8kltf0mpb901lspi7vd3.apps.googleusercontent.com",
              "client_type": 3
            }
          ]
        },
        "ads_service": {
          "status": 2
        }
      }
    }
  ],
  "configuration_version": "1"
}