{
  "project_info": {
    "project_number": "474713687435",
    "firebase_url": "https://friendlychat-7a428.firebaseio.com",
    "project_id": "friendlychat-7a428",
    "storage_bucket": "friendlychat-7a428.appspot.com"
  },
  "client": [
    {
      "client_info": {
        "mobilesdk_app_id": "1:474713687435:android:f8cba506b17371e4",
        "android_client_info": {
          "package_name": "cn.jkdev.friendlychat"
        }
      },
      "oauth_client": [
        {
          "client_id": "474713687435-511n6ghrvc6h2hnqrju4ultc69o73jt8.apps.googleusercontent.com",
          "client_type": 1,
          "android_info": {
            "package_name": "cn.jkdev.friendlychat",
            "certificate_hash": "c534088797cfac8c2b6e3488959c072e7a7f0c66"
          }
        },
        {
          "client_id": "474713687435-jr8lgd7n7nb5osbdfd5e78mfi6mmm3k4.apps.googleusercontent.com",
          "client_type": 3
        }
      ],
      "api_key": [
        {
          "current_key": "AIzaSyDJNksuaeZthn3FvFGVCoFskxyuIBGTzok"
        }
      ],
      "services": {
        "analytics_service": {
          "status": 1
        },
        "appinvite_service": {
          "status": 2,
          "other_platform_oauth_client": [
            {
              "client_id": "474713687435-jr8lgd7n7nb5osbdfd5e78mfi6mmm3k4.apps.googleusercontent.com",
              "client_type": 3
            }
          ]
        },
        "ads_service": {
          "status": 2
        }
      }
    }
  ],
  "configuration_version": "1"
}