{
  "project_info": {
    "project_number": "922007297175",
    "firebase_url": "https://major-44577.firebaseio.com",
    "project_id": "major-44577",
    "storage_bucket": "major-44577.appspot.com"
  },
  "client": [
    {
      "client_info": {
        "mobilesdk_app_id": "1:922007297175:android:3fcb77efbeeb9ad8",
        "android_client_info": {
          "package_name": "phy.major"
        }
      },
      "oauth_client": [
        {
          "client_id": "922007297175-mt32ei23faarfefh4qsfhl8hna6tim8p.apps.googleusercontent.com",
          "client_type": 1,
          "android_info": {
            "package_name": "phy.major",
            "certificate_hash": "c534088797cfac8c2b6e3488959c072e7a7f0c66"
          }
        },
        {
          "client_id": "922007297175-u9snqj05ej117l4d88k9n94230taj33a.apps.googleusercontent.com",
          "client_type": 3
        }
      ],
      "api_key": [
        {
          "current_key": "AIzaSyC4DfDT5oQA0vdjjSiDbQbSfQF3aQDl4J8"
        }
      ],
      "services": {
        "analytics_service": {
          "status": 1
        },
        "appinvite_service": {
          "status": 2,
          "other_platform_oauth_client": [
            {
              "client_id": "922007297175-u9snqj05ej117l4d88k9n94230taj33a.apps.googleusercontent.com",
              "client_type": 3
            }
          ]
        },
        "ads_service": {
          "status": 2
        }
      }
    }
  ],
  "configuration_version": "1"
}